favorite,1,01 - Track 1chenlin.mp3
favorite,1,02.mp3
favorite,1,03 - Track 3chenlin.mp3
favorite,1,03TianHeiHei.mp3
favorite,1,12展翅高飞陈琳.mp3
favorite,1,_LanLianHua.mp3
favorite,1,_tianETrip.mp3
favorite,1,_Walk.mp3
favorite,1,A15.MP3
favorite,1,brx_qing.mp3
favorite,1,DanShenLvJi.mp3
favorite,1,don't break my heart.mp3
favorite,1,FlowerSeason.mp3
favorite,1,Gift.mp3
favorite,1,meet.mp3
favorite,1,myl_aiyidian.mp3
favorite,1,ps10.mp3
favorite,1,pushu01.mp3
favorite,1,shouldwetalk.mp3
favorite,1,Star.mp3
favorite,1,wild lily's spring.mp3
favorite,1,xw
favorite,1,xw,Children.mp3
favorite,1,xw,FlowerSeason.mp3
favorite,1,xw,handinbigHand.mp3
favorite,1,xw,jx_爱琴海.mp3
favorite,1,xw,kgezhiwang.mp3
favorite,1,xw,LiWu.mp3
favorite,1,xw,meiren.mp3
favorite,1,xw,pigbaby.mp3
favorite,1,xw,tfz_魔鬼中的天使.mp3
favorite,1,xw,xuwei_旅行.mp3
favorite,1,xw,zbc_对嘴.mp3
favorite,1,xw,zsh_淋雨一直走.mp3
favorite,1,xw,世外桃源.mp3
favorite,1,xw,别哭我最爱的人.MP3
favorite,1,xw,叶蓓 彩虹.mp3
favorite,1,xw,情人劫.mp3
favorite,1,xw,我们说好的.mp3
favorite,1,xw,把情感收藏起来.mp3
favorite,1,xw,时光.mp3
favorite,1,xw,曾经的你.mp3
favorite,1,xw,牛奶咖啡 - 明天你好.mp3
favorite,1,xw,礼物群星.mp3
favorite,1,xw,积木.mp3
favorite,1,xw,立秋 - 周子琰.mp3
favorite,1,xw,等一分钟.mp3
favorite,1,xw,苏打绿-你在烦恼什么.mp3
favorite,1,xw,让我看着你.mp3
favorite,1,xw,迷惘.mp3
favorite,1,xw,陈楚生_寻找.mp3
favorite,1,xw,风吹麦浪.mp3
favorite,1,ZhaoChuan
favorite,1,ZhaoChuan,d02.mp3
favorite,1,ZhaoChuan,ForPeopleWhoKnow'sMyName.mp3
favorite,1,ZhaoChuan,LittleBird.mp3
favorite,1,ZhengJun
favorite,1,ZhengJun,LiuXing.mp3
favorite,1,ZhengJun,极乐世界.mp3
favorite,1,ZhengJun,私奔.mp3
favorite,1,ZhengJun,郑钧-我只在乎你.mp3
favorite,1,ZhengJun,郑钧-爱的箴言.mp3
favorite,1,乘客.mp3
favorite,1,他夏了夏天 夏.mp3
favorite,1,传奇.MP3
favorite,1,光辉岁月(g).mp3
favorite,1,十年.mp3
favorite,1,向往.mp3
favorite,1,周传雄黄昏.mp3
favorite,1,孙燕姿 - 一起走过 (唱吧·新加坡2002主题歌).mp3
favorite,1,完美生活-许巍.mp3
favorite,1,带走.mp3
favorite,1,庾澄庆 - 命中注定.mp3
favorite,1,庾澄庆-春泥.mp3
favorite,1,我会想起你.mp3
favorite,1,曾经拥有.mp3
favorite,1,爱已成歌.mp3
favorite,1,狮子座.mp3
favorite,1,秋天的海.mp3
favorite,1,老狼晴朗.mp3
favorite,1,虎口脱险.mp3
favorite,1,谭维维_如果有来生.mp3
favorite,1,郑秀文 - 17.插曲（国语）.MP3
favorite,1,醉清风.mp3
favorite,2,01.夜曲.mp3
favorite,2,100%girl.mp3
favorite,2,1JiangShui.mp3
favorite,2,A02.MP3
favorite,2,A09.MP3
favorite,2,ai是怎样炼成的.mp3
favorite,2,AllSoulsNight.mp3
favorite,2,AngleIncantation.mp3
favorite,2,bj的冬天.mp3
favorite,2,bluesky.mp3
favorite,2,byeILoveU.mp3
favorite,2,C02.MP3
favorite,2,DingXiangHua.mp3
favorite,2,laorenyuhai.mp3
favorite,2,left.mp3
favorite,2,lj_完美坚持-李健.mp3
favorite,2,lj_绽放.mp3
favorite,2,LongKuan9NoneLikeMe.mp3
favorite,2,lvtu.mp3
favorite,2,maike.mp3
favorite,2,me.MP3
favorite,2,mowenwei
favorite,2,mowenwei,6-02.mp3
favorite,2,mowenwei,6-03.mp3
favorite,2,mowenwei,6-07.mp3
favorite,2,mowenwei,爱我爱我.mp3
favorite,2,mowenwei,盛夏的果实.mp3
favorite,2,mowenwei,莫文蔚电台情歌.mp3
favorite,2,mowenwei,莫文蔚阴天.mp3
favorite,2,mowenwei,黑雨.mp3
favorite,2,mydear.mp3
favorite,2,neverloseuF4.mp3
favorite,2,OneDay.mp3
favorite,2,pushu08.mp3
favorite,2,qy_离水的鱼.mp3
favorite,2,say forever.mp3
favorite,2,smile with tears.mp3
favorite,2,Summer.mp3
favorite,2,Tang,heaven.mp3
favorite,2,Tang,TRACK08.mp3
favorite,2,Tang,track10.mp3
favorite,2,Tang,TRACK11.mp3
favorite,2,tenggeer_20.mp3
favorite,2,time.mp3
favorite,2,Track 10.mp3
favorite,2,tww_开放.mp3
favorite,2,tww_我是怎么了.mp3
favorite,2,WangFei
favorite,2,WangFei,Chess.mp3
favorite,2,WangFei,ChuLu.MP3
favorite,2,WangFei,MansWorld.mp3
favorite,2,WangFei,men.mp3
favorite,2,WangFei,WangFei_KuanShu.mp3
favorite,2,WangFei,ZhengTuo.MP3
favorite,2,WangFei,不留.mp3
favorite,2,WangFei,你喜欢不如我喜欢-王菲.MP3
favorite,2,WangFei,催眠-王菲.MP3
favorite,2,WangFei,半途而废-王菲.MP3
favorite,2,WangFei,四月雪.mp3
favorite,2,WangFei,当时的月光-王菲.MP3
favorite,2,WangFei,旋木.mp3
favorite,2,WangFei,王菲只爱陌生人.mp3
favorite,2,WangFei,王菲精彩.mp3
favorite,2,WangFei,王菲香奈儿(国语版).mp3
favorite,2,WangFei,蝴蝶-王菲.MP3
favorite,2,WangFei,阳宝.mp3
favorite,2,wingofangle.mp3
favorite,2,xf_我们终究会牵手旅行.mp3
favorite,2,xf_新兵日记.mp3
favorite,2,xw_home.mp3
favorite,2,yesterday.mp3
favorite,2,zyk_newhome.mp3
favorite,2,zyk_最天使.mp3
favorite,2,zyk_羽绒服.mp3
favorite,2,一个北京人在北京.mp3
favorite,2,不要说话.mp3
favorite,2,九月.mp3
favorite,2,你的微笑.mp3
favorite,2,像风一样自由.mp3
favorite,2,光良 - 童话.mp3
favorite,2,再见我爱你 丁薇.mp3
favorite,2,分开旅行.mp3
favorite,2,分手吧.mp3
favorite,2,加速度.mp3
favorite,2,勇敢的幸福.mp3
favorite,2,在路上.mp3
favorite,2,如果有一天.mp3
favorite,2,孙燕姿 - 我想.mp3
favorite,2,孙燕姿--绿光.mp3
favorite,2,寂寞在唱歌.mp3
favorite,2,小F4情非得已.mp3
favorite,2,小鱼的理想.mp3
favorite,2,张悬我的宝贝.mp3
favorite,2,恋恋风尘.mp3
favorite,2,恋曲1980(live).mp3
favorite,2,悲伤的秋千.mp3
favorite,2,想把我唱给你听.mp3
favorite,2,愚人的国度.mp3
favorite,2,我的秋天.mp3
favorite,2,新生代.mp3
favorite,2,无题.mp3
favorite,2,昨天.mp3
favorite,2,最好的未来-刘若英.mp3
favorite,2,未来的主人翁.MP3
favorite,2,来自.mp3
favorite,2,栀子花开.mp3
favorite,2,模范情书.mp3
favorite,2,永远自由的心.mp3
favorite,2,渐渐.mp3
favorite,2,爱的代价.mp3
favorite,2,独照.mp3
favorite,2,白白的.mp3
favorite,2,睡在我上铺的兄弟.mp3
favorite,2,笑忘书.mp3
favorite,2,美人.mp3
favorite,2,蔡琴无间道.MP3
favorite,2,表情 动作 语言.mp3
favorite,2,许巍_晨星.mp3
favorite,2,逆光.mp3
favorite,2,那一年.mp3
favorite,2,那么爱你为什么.mp3
favorite,2,那些花.mp3
favorite,2,陈琳 十二种颜色.mp3
favorite,2,除此之外.mp3
favorite,2,香草吧噗.mp3
favorite,3,04 - Track 4.mp3
favorite,3,09 - Track 9.mp3
favorite,3,10 - Track 10.mp3
favorite,3,17 - Track 17.mp3
favorite,3,4寓言.mp3
favorite,3,5tj07.mp3
favorite,3,72.MP3
favorite,3,7月.mp3
favorite,3,aimini--烟雨烟雨.mp3
favorite,3,aimini春天的味道.mp3
favorite,3,anlian.mp3
favorite,3,asos--小s、张宇--傻瓜与野丫头.mp3
favorite,3,baby.mp3
favorite,3,BAD4tj10.mp3
favorite,3,benpao.mp3
favorite,3,better.mp3
favorite,3,BianZouBianAi.mp3
favorite,3,BlueDream.mp3
favorite,3,budebuai.mp3
favorite,3,Colorful Days.mp3
favorite,3,cyx_床头灯.MP3
favorite,3,cyx_给你.mp3
favorite,3,DaHuaXiYou.mp3
favorite,3,debug.MP3
favorite,3,EasyToTalk.mp3
favorite,3,firstdream.mp3
favorite,3,FlyAway.mp3
favorite,3,Forget.mp3
favorite,3,ge.mp3
favorite,3,gmm_海水正蓝.mp3
favorite,3,gyxzgywl.mp3
favorite,3,hai_1.mp3
favorite,3,HappilyMap.mp3
favorite,3,htt.mp3
favorite,3,huochaitt.mp3
favorite,3,hx_那些年.mp3
favorite,3,invisibleWing.mp3
favorite,3,jmq_womendoushi.mp3
favorite,3,JueBuFangShou.mp3
favorite,3,LiGe.mp3
favorite,3,lj_一辈子.mp3
favorite,3,lj_为你而来.mp3
favorite,3,lj_璀璨.mp3
favorite,3,lj_童年.mp3
favorite,3,lj_风花树.mp3
favorite,3,LoveChina.mp3
favorite,3,lxst.mp3
favorite,3,lyl_纸飞机.mp3
favorite,3,MissZhao.Wma
favorite,3,OurLove.mp3
favorite,3,pushu召唤.mp3
favorite,3,Remember_Day.mp3
favorite,3,ryl_ruguo.mp3
favorite,3,S.H.E女朋友-他还是不懂.mp3
favorite,3,Shijiemori.mp3
favorite,3,sonoftheearth.mp3
favorite,3,SYZ_firstDay.mp3
favorite,3,tanjing-qianlizoudanqi.mp3
favorite,3,tomorrowSun.mp3
favorite,3,tomyself.mp3
favorite,3,vanessa carlton.-.01.pretty baby.mp3
favorite,3,vc_木星3号.mp3
favorite,3,wastinglove.mp3
favorite,3,WhistleASongToU.mp3
favorite,3,xf_寻水的鱼.mp3
favorite,3,xf_我设计一万种方式遇见你.mp3
favorite,3,xjtw.mp3
favorite,3,xw_we.mp3
favorite,3,xw_少年.mp3
favorite,3,xw_幸福.mp3
favorite,3,xw_故事.mp3
favorite,3,xw_难忘的一天.mp3
favorite,3,xw_风行.mp3
favorite,3,youduoyuanjiuzouduoyuan.mp3
favorite,3,zgx_gl.mp3
favorite,3,zgx_亡命之徒.mp3
favorite,3,zgx_出发.mp3
favorite,3,zhangChu
favorite,3,zhangChu,guangmingdadao.mp3
favorite,3,zhangChu,gududeren shi kechide.mp3
favorite,3,zhangChu,Track10.mp3
favorite,3,zhangChu,zhaoxiaojie.mp3
favorite,3,zhangChu,张楚 - B2 爱情.mp3
favorite,3,zjl_彩虹.mp3
favorite,3,zjl_稻香.mp3
favorite,3,zly_Change.mp3
favorite,3,zyj_huaile.mp3
favorite,3,zyk_Forever21.mp3
favorite,3,zyk_shijuexi.mp3
favorite,3,zyk_我还能孩子多久.mp3
favorite,3,zyk_荒唐的羊.mp3
favorite,3,一个像夏天一个像秋天.mp3
favorite,3,七里香.mp3
favorite,3,上班族.mp3
favorite,3,下个路口见.MP3
favorite,3,不想睡.mp3
favorite,3,丢了幸福的猪.mp3
favorite,3,今天.mp3
favorite,3,会呼吸的痛.mp3
favorite,3,伤痛无声.mp3
favorite,3,你的背包.mp3
favorite,3,依恋.mp3
favorite,3,信乐团一了百了.mp3
favorite,3,冲出你的窗口.mp3
favorite,3,分手快乐.mp3
favorite,3,刘若英 黄韵玲--听！是谁在唱歌.mp3
favorite,3,刘若英－一辈子的孤单.mp3
favorite,3,勇气.mp3
favorite,3,千山万水.MP3
favorite,3,千年之恋.mp3
favorite,3,原来你也在这里.mp3
favorite,3,可惜不是你.mp3
favorite,3,同桌的你.mp3
favorite,3,后来.mp3
favorite,3,听不到.mp3
favorite,3,听说.mp3
favorite,3,周杰伦-说好的幸福.mp3
favorite,3,喜悦.mp3
favorite,3,国境之南.mp3
favorite,3,圣诞结.mp3
favorite,3,在别处.mp3
favorite,3,多少.mp3
favorite,3,好久不见.mp3
favorite,3,如果这就是爱情-张靓颖.mp3
favorite,3,孙燕姿--开始懂了.mp3
favorite,3,容祖儿-我的骄傲 国语.mp3
favorite,3,对不起.mp3
favorite,3,左半边翅膀.MP3
favorite,3,布拉格广场.mp3
favorite,3,异世界.mp3
favorite,3,张宇_伞下.mp3
favorite,3,张悬－宝贝.mp3
favorite,3,张芸京_破天荒.mp3
favorite,3,张韶涵－欧若拉.mp3
favorite,3,心中的舞蹈.mp3
favorite,3,心愿.mp3
favorite,3,忘不掉的伤.mp3
favorite,3,快活.mp3
favorite,3,悄无声息.mp3
favorite,3,慢慢来.mp3
favorite,3,我不能哭.mp3
favorite,3,我们的小世界.mp3
favorite,3,我思念的城市.mp3
favorite,3,我想更懂你 潘玮柏+苏芮.mp3
favorite,3,我的歌声里.mp3
favorite,3,我要的飞翔.mP3
favorite,3,我要飞.mp3
favorite,3,拿出你的爱.mp3
favorite,3,方向.mp3
favorite,3,无神论.mp3
favorite,3,日不落.mp3
favorite,3,是什么让我遇见这样的你.mp3
favorite,3,暖暖 梁静茹.mp3
favorite,3,最想环游的世界.mp3
favorite,3,月光海_水木年华.mp3
favorite,3,有形的翅膀.mp3
favorite,3,木兰星.mp3
favorite,3,未知的精彩.mp3
favorite,3,朴树La perte.mp3
favorite,3,朴树傲慢的上校.mp3
favorite,3,朴树傻子才悲伤.mp3
favorite,3,朴树她在睡梦中.mp3
favorite,3,朴树我爱你，再见.mp3
favorite,3,朴树来不及.mp3
favorite,3,朴树生如夏花.mp3
favorite,3,杨乃文明天.mp3
favorite,3,林俊杰-江南.mp3
favorite,3,林宥嘉_说谎.mp3
favorite,3,查无此人.mp3
favorite,3,梦田.mp3
favorite,3,此时此刻.mp3
favorite,3,残忍的缠绵.mp3
favorite,3,每一刻都是崭新的.mp3
favorite,3,水木年华 - 一生有你.mp3
favorite,3,没有什么不同.mp3
favorite,3,没那么简单.mp3
favorite,3,泪桥.mp3
favorite,3,浪漫骑士.mp3
favorite,3,深情相拥.mp3
favorite,3,温暖的季节.mp3
favorite,3,爱你不是23天.mp3
favorite,3,爱是怎样炼成的.mp3
favorite,3,爱笑的天使.mp3
favorite,3,牛奶咖啡-越长大越孤单.mp3
favorite,3,状态.mp3
favorite,3,痴心绝对.mp3
favorite,3,石头在歌唱.mp3
favorite,3,穿过流水.mp3
favorite,3,筷子兄弟.mp3
favorite,3,给郁结的诗.mp3
favorite,3,老男孩.mp3
favorite,3,自由.mp3
favorite,3,莫艳琳——你的背包.mp3
favorite,3,菊花台.mp3
favorite,3,蜜雪薇琪--独立.mp3
favorite,3,袁惟仁征服.mp3
favorite,3,被动.mp3
favorite,3,让我取暖.MP3
favorite,3,让我照顾你.mp3
favorite,3,许哲佩-气球.mp3
favorite,3,诗人.mp3
favorite,3,赵传特别的想念.mp3
favorite,3,逆风.mp3
favorite,3,逍遥行.mp3
favorite,3,郑秀文 了解.mp3
favorite,3,郑秀文 天衣无缝.mp3
favorite,3,郭静 - 在树上唱歌.mp3
favorite,3,金莎-第三滴眼泪.mp3
favorite,3,陈奕迅 谢谢侬.mp3
favorite,3,陈琳
favorite,3,雅典娜.mp3
favorite,3,雪花飘.mp3
favorite,3,青春无悔.mp3
favorite,3,风儿带着我们.mp3
favorite,3,飞车.MP3
favorite,3,香草吧噗.mp3
favorite,9,0108.mp3
favorite,9,03. 我不会飞.mp3
favorite,9,03.发如雪.mp3
favorite,9,05 - Track 5.mp3
favorite,9,10-陈慧琳-我是你的谁.mp3
favorite,9,15ljr_没有如果.mp3
favorite,9,3tj04.mp3
favorite,9,beacuseofLove.mp3
favorite,9,brx_有狐.mp3
favorite,9,bymyside.mp3
favorite,9,C01.MP3
favorite,9,chenyixun_不如这样.mp3
favorite,9,chenyixun_全世界失眠.mp3
favorite,9,COLORSONG.mp3
favorite,9,ctll.mp3
favorite,9,cyx_nothingeverhappened0928.mp3
favorite,9,cyx_从何说起.mp3
favorite,9,cyx_谋情害命.mp3
favorite,9,cyx一丝不挂.mp3
favorite,9,cyx心的距离.mp3
favorite,9,fallinlove.mp3
favorite,9,hello.mp3
favorite,9,jmq_xiangqi.mp3
favorite,9,jmq_路人.mp3
favorite,9,Just_for_night.mp3
favorite,9,kao.mp3
favorite,9,LetHerLand.mp3
favorite,9,lj_father.mp3
favorite,9,lj_一往情深的恋人.mp3
favorite,9,lj_不知不觉.mp3
favorite,9,lj_似水流年.mp3
favorite,9,lj_依然在路上.mp3
favorite,9,lj_八月照相馆.mp3
favorite,9,lj_异乡人.mp3
favorite,9,lj_想念你.mp3
favorite,9,lj_故乡山川.mp3
favorite,9,lj_松花江.mp3
favorite,9,lj_梦一场.mp3
favorite,9,lj_矜持.mp3
favorite,9,LonelyMakeUBetter.mp3
favorite,9,love wrongly.mp3
favorite,9,Melody.mp3
favorite,9,RadioInMyHeart.mp3
favorite,9,Rock_All_Night.mp3
favorite,9,ryl_外婆.mp3
favorite,9,ryl_微笑着坚强.mp3
favorite,9,sugelanwodejia.mp3
favorite,9,Sundance200991618435510351.mp3
favorite,9,the meaning of travel.mp3
favorite,9,Tiffany.mp3
favorite,9,wanna make love.mp3
favorite,9,wf_lvtu.mp3
favorite,9,wf_挥挥手.mp3
favorite,9,wing.mp3
favorite,9,wkq_fanfanzhibei.mp3
favorite,9,wuhou.mp3
favorite,9,xf_欢迎来到北京.mp3
favorite,9,xf_爱自己.mp3
favorite,9,xf_爱要怎么分割.mp3
favorite,9,xf_越自然悦清新.mp3
favorite,9,xf_飞行.mp3
favorite,9,xrx_不败的恋人.mp3
favorite,9,xs_千百度.mp3
favorite,9,xs_单人旅途.mp3
favorite,9,xs_微薄控.mp3
favorite,9,xs_断桥残雪.mp3
favorite,9,xs_河山大好.mp3
favorite,9,xs_闄嶆俯.mp3
favorite,9,xw_四季.mp3
favorite,9,xw_天使.mp3
favorite,9,xw_彩云之巅.mp3
favorite,9,xw_美丽女人.mp3
favorite,9,xw_道路.mp3
favorite,9,ym_爱的供养.mp3
favorite,9,zgx_我想要的感觉.mp3
favorite,9,ZhuanZhu.mp3
favorite,9,ziyue.mp3
favorite,9,zly-感谢.mp3
favorite,9,zly_办不到.mp3
favorite,9,zly_我相信.mp3
favorite,9,ZLY_热.mp3
favorite,9,zly_需要你.mp3
favorite,9,zyk_你是我最好的朋友.mp3
favorite,9,zyk_因为.mp3
favorite,9,一夜长大.mp3
favorite,9,下一个天亮.mp3
favorite,9,不觉流水年长.mp3
favorite,9,为你加油.mp3
favorite,9,为我好.mp3
favorite,9,亮亮--你到底爱谁.mp3
favorite,9,他的爱.mp3
favorite,9,何静-月亮偷着哭.mp3
favorite,9,你最珍贵.mp3
favorite,9,你的世界.mp3
favorite,9,你看到的我是蓝色的.mp3
favorite,9,元卫觉醒-靠近.mp3
favorite,9,全部都给你.mp3
favorite,9,兵马俑.mp3
favorite,9,冲动.mp3
favorite,9,北戴河之歌.mp3
favorite,9,南拳妈妈-下雨天.mp3
favorite,9,南方二重唱--牵引.mp3
favorite,9,只为爱上你.mp3
favorite,9,只能抱着你.mp3
favorite,9,史逸欣-绿岛小夜曲.mp3
favorite,9,向阳花.mp3
favorite,9,听见.mp3
favorite,9,吴克群 - 01.吴克群.mp3
favorite,9,周岭-假如.mp3
favorite,9,周迅 飘摇.mp3
favorite,9,哈工大_我相信.mp3
favorite,9,哎呀咿呀.mp3
favorite,9,啵一个.mp3
favorite,9,坚强.MP3
favorite,9,夏天故事.mp3
favorite,9,外滩18.mp3
favorite,9,多好啊.mp3
favorite,9,天下没有不散的筵席.mp3
favorite,9,天使与海豚 梁咏琪.mp3
favorite,9,奔.mp3
favorite,9,嫁给我.mp3
favorite,9,宇宙只有我和你.mp3
favorite,9,对你有感觉.mp3
favorite,9,封禅祭.mp3
favorite,9,幸运草.mp3
favorite,9,张元蒂--爱情离我一公尺.MP3
favorite,9,张芸京_偏爱.mp3
favorite,9,张芸京_怎么开始忘了.mp3
favorite,9,张芸京_黑裙子.mp3
favorite,9,忘记要忘记.mp3
favorite,9,快乐的忧愁.mp3
favorite,9,怎么知道你爱我-卓文萱.mp3
favorite,9,恋着多喜欢.mp3
favorite,9,我们的爱.mp3
favorite,9,我喜欢.mp3
favorite,9,我在欧洲.mp3
favorite,9,我很想爱他.mp3
favorite,9,我想大声告诉你.mp3
favorite,9,我飞故我在.mp3
favorite,9,拿出你的爱.mp3
favorite,9,改变.mp3
favorite,9,放开.mp3
favorite,9,救赎之旅.mp3
favorite,9,斗阵俱乐部.mp3
favorite,9,明天的微笑.mp3
favorite,9,是时候.mp3
favorite,9,曾经太年轻.mp3
favorite,9,最近好吗.mp3
favorite,9,有一种爱叫做放手.mp3
favorite,9,朋友.mp3
favorite,9,未完成的歌-薛之谦.mp3
favorite,9,朴树且听风吟.mp3
favorite,9,朴树今夜的滋味.mp3
favorite,9,来自我心-老狼.mp3
favorite,9,林俊杰会读书.mp3
favorite,9,林俊杰让我心动的人.mp3
favorite,9,林宥嘉_说谎.mp3
favorite,9,果味VC-优雅.mp3
favorite,9,欠你的幸福.mp3
favorite,9,死而无憾.mp3
favorite,9,汪峰硬币.mp3
favorite,9,没有人比我更爱你.mp3
favorite,9,没那种命.mp3
favorite,9,流浪地图.mp3
favorite,9,温暖.mp3
favorite,9,温暖反转许巍.mp3
favorite,9,潘玮柏-我对天空说.mp3
favorite,9,爱乐团－－天涯.mp3
favorite,9,爱很美-sara.mp3
favorite,9,爱情.mp3
favorite,9,犯错.mp3
favorite,9,王力宏-依然爱你.mp3
favorite,9,王力宏-大城小爱.mp3
favorite,9,相和歌—子衿.mp3
favorite,9,看月亮爬上来.mp3
favorite,9,秋千.mp3
favorite,9,秋天的童话.mp3
favorite,9,突然好想你.mp3
favorite,9,第三者.mp3
favorite,9,等待.mp3
favorite,9,经过.mp3
favorite,9,美丽岛,罗大佑 - (01)  伴侣.mp3
favorite,9,美丽岛,罗大佑 - (02)  美丽岛.mp3
favorite,9,美丽岛,罗大佑 - (03)  舞女.mp3
favorite,9,美丽岛,罗大佑 - (04)  手牵手.mp3
favorite,9,美丽岛,罗大佑 - (06)  停不住的爱人.mp3
favorite,9,美丽岛,罗大佑 - (08)  倾城之雨.mp3
favorite,9,美丽岛,罗大佑 - (09)  往事二〇〇〇.mp3
favorite,9,美丽岛,罗大佑 - (10)  绿色恐怖分子.mp3
favorite,9,美丽岛,罗大佑 - (11)  时光在慢慢地消失.mp3
favorite,9,美丽岛,罗大佑 - (12)  宁静温泉.mp3
favorite,9,美丽岛,罗大佑 - (15)  真的假的.mp3
favorite,9,花儿乐队-洗刷刷.mp3
favorite,9,花火.mp3
favorite,9,花的姿态.mp3
favorite,9,蔡淳佳-陪我看日出.mp3
favorite,9,裙下之臣.mp3
favorite,9,让爱重来1.mp3
favorite,9,许慧欣---七月七日晴.mp3
favorite,9,赵之璧--在你和天空之间.mp3
favorite,9,路.mp3
favorite,9,路一直都在.mp3
favorite,9,这 就是爱.mp3
favorite,9,这一刻我相信你说你爱我.mp3
favorite,9,逃跑的木偶.mp3
favorite,9,遇到-恶作剧之吻.mp3
favorite,9,那女孩是谁.mp3
favorite,9,那年夏天.mp3
favorite,9,郑秀文 舍得.mp3
favorite,9,郑秀文_快乐不快乐.mp3
favorite,9,钟汶--刺猬.mp3
favorite,9,钟汶-因为爱所以恨.mp3
favorite,9,阿杜 - 他一定很爱你.mp3,他一定很爱你.mp3
favorite,9,阿杜坚持到底.mp3
favorite,9,陈晓东 不想睡.mp3
favorite,9,陈晓东 奇迹.mp3
favorite,9,陈绮贞 - 旅行的意义.mp3,旅行的意义.mp3
favorite,9,青春正传.mp3
favorite,9,静静的.mp3
favorite,9,飞向别人的床.mp3
favorite,9,飞轮海留下来.mp3
favorite,9,黄征_卖.mp3
favorite,9,黑择明.mp3
favorite,new0723,一直很安静.mp3
favorite,new0723,一首心歌.mp3
favorite,new0723,亲爱的路人.mp3
favorite,new0723,会笑的昨天.mp3
favorite,new0723,情话.mp3
favorite,new0723,我好想你.mp3
favorite,new0723,有可能的夜晚.mp3
favorite,new0723,离不开你.mp3
favorite,new0723,离不开你黄.mp3
favorite,new0723,稳稳的幸福.mp3
favorite,new0723,繁星.mp3
favorite,new0723,红玫瑰.mp3
favorite,new0723,绿茶.mp3
favorite,new0723,致青春.mp3
favorite,new0723,蒲公英.mp3
favorite,new0723,跳皮筋.mp3
favorite,new0723,青春.mp3
favorite,new0723,青春再见.mp3
xw,5.mp3
xw,[李健]璀璨-李健.mp3
xw,Beyond-射手座咒语.mp3
xw,叫床曲.mp3
zhou,05.四面楚歌.mp3
zhou,06.枫.mp3
zhou,07.浪漫手机.mp3
zhou,08.逆鳞.mp3
zhou,09.麦芽糖.mp3
zhou,10.珊瑚海.mp3
zhou,12.一路向北.mp3
永远popclassic,01小F4情非得已.mp3
永远popclassic,02乘客.mp3
永远popclassic,03handinbigHand.mp3
永远popclassic,04pigbaby.mp3
永远popclassic,05LiWu.mp3
永远popclassic,06老狼晴朗.mp3
永远popclassic,07私奔到月球.mp3
永远popclassic,08风吹麦浪.mp3
永远popclassic,09kgezhiwang.mp3
永远popclassic,10shouldwetalk.mp3
永远popclassic,11等一分钟.mp3
永远popclassic,12十年.mp3
永远popclassic,13我会想起你.mp3
永远popclassic,14DanShenLvJi.mp3
永远popclassic,15牛奶咖啡 - 明天你好.mp3
永远popclassic,16向往.mp3
永远popclassic,17谭维维_如果有来生.mp3
永远popclassic,18情人劫.mp3